[{"Lat":28.616796,"Lon":-81.439085,"Zip":"32810","url":"https://www.4acnow.com/","city":"Orlando","brand":"trane","state":"FL","title":"4 Seasons Air Conditioning & Heating, Inc.","address":"6648 N. Orange Blossom Trail, Orlando, FL 32810","enrolled":true},{"Lat":28.6198147,"Lon":-81.4365683,"Zip":"32810","url":"https://aa-airco.com/","city":"Orlando","brand":"amstd","state":"FL","title":"AA Air Company","address":"7050 Edgewater Dr, Orlando, FL 32810, United States","enrolled":true},{"Lat":42.077846,"Lon":-87.863583,"Zip":"60025","url":"https://www.abt.com/help/hvac-services","city":"Glenview","brand":"trane","state":"IL","title":"ABT Electronics","address":"1200 N Milwaukee Ave, Glenview, IL 60025","enrolled":true},{"Lat":38.8425508,"Lon":-77.0845759,"Zip":"22206","url":"https://www.acca.org/home","city":"Arlington","brand":"trane","state":"VA","title":"ACCA Org","address":"2800 Shirlington Rd, Arlington, VA 22206","enrolled":true},{"Lat":28.6525887,"Lon":-81.4654183,"Zip":"32703","url":"https://callACR.com","city":"Apopka","brand":"trane","state":"FL","title":"ACR","address":"1757 Benbow Ct, Apopka, FL 32703","enrolled":true},{"Lat":43.8270903,"Lon":-84.8036256,"Zip":"48617","url":"https://accu-airinc.com/","city":"Clare","brand":"trane","state":"MI","title":"Accu-Air Inc","address":"2141 E Ludington Dr, Clare, MI 48617","enrolled":true},{"Lat":33.44366,"Lon":-111.9170601,"Zip":"85288","url":"http://www.accurateairac.com/","city":"Tempe","brand":"trane","state":"AZ","title":"Accurate Air Conditioning Inc","address":"1321 East Weber Drive Tempe, AZ 85288","enrolled":true},{"Lat":42.077122,"Lon":-71.420946,"Zip":"02038","url":"https://www.accurateheat.com/about-us/","city":"Franklin","brand":"trane","state":"MA","title":"Accurate Baker-Elman","address":"120 Grove St, Franklin, MA 02038","enrolled":true},{"Lat":34.2367621,"Lon":-84.4907621,"Zip":"30114","url":"https://acrheatingandair.com/","city":"Canton","brand":"trane","state":"PO","title":"Acr heating & Air","address":"PO Box 4308 – Canton, GA 30114","enrolled":true},{"Lat":32.5345836,"Lon":-93.719572,"Zip":"71111","url":"https://www.advancedac.com/","city":"Bossier City","brand":"trane","state":"LA","title":"Advanced Air Conditioning & Heating","address":"1646 Benton Road Bossier City, La 71111","enrolled":true},{"Lat":47.5989462,"Lon":-122.6285993,"Zip":"98310","url":"https://www.advancedhvac.com/","city":"Bremerton","brand":"trane","state":"WA","title":"Advanced Heating & Cooling, Inc","address":"1211 Ivy Road, Ste. 103, Bremerton, WA 98310","enrolled":true},{"Lat":40.9111948,"Lon":-75.3472074,"Zip":"18353","url":"https://affordablecomfortinc.net/","city":"Saylorsburg","brand":"trane","state":"PA","title":"Affordable Comfort Contracting Inc","address":"1201 Rte 115, Saylorsburg, PA 18353","enrolled":true},{"Lat":27.4931493,"Lon":-82.5679029,"Zip":"34205","url":"https://www.airandenergy.biz/","city":"Bradenton","brand":"trane","state":"FL","title":"Air & Energy, Inc.","address":"555 6th Avenue West, Bradenton, Florida 34205","enrolled":true},{"Lat":47.3085931,"Lon":-122.5841881,"Zip":"98335","url":"https://airfloheating.com/","city":"Gig Harbor","brand":"trane","state":"NW","title":"Air Flo Heating Co.","address":"3316 56th Street NW, Suite 103 Gig Harbor, WA 98335","enrolled":true},{"Lat":27.9900594,"Lon":-82.4595783,"Zip":"33603","url":"https://airmasters.net/","city":"Tampa","brand":"trane","state":"FL","title":"Air Master of Tampa Bay","address":"4830 N Florida Ave, Tampa, FL 33603","enrolled":true},{"Lat":36.0088015,"Lon":-83.9463539,"Zip":"37918","url":"https://www.aireserv.com/knoxville","city":"Knoxville","brand":"trane","state":"TN","title":"Aire Serv of Knoxville","address":"1108 Dutch Valley Dr, Knoxville, TN 37918","enrolled":true},{"Lat":37.2881249,"Lon":-89.5524485,"Zip":"63703","url":"https://airesolutions.net/","city":"Cape Girardeau","brand":"trane","state":"MO","title":"Aire Solutions","address":"2355 Rust Ave, Cape Girardeau, MO 63703","enrolled":true},{"Lat":43.1206411,"Lon":-77.5000095,"Zip":"14625","url":"https://airquipheating.com/","city":"Rochester","brand":"trane","state":"NY","title":"Airquip Heating and Air Conditioning","address":"830 Linden Ave Rochester, NY 14625","enrolled":true},{"Lat":35.2312236,"Lon":-93.1704944,"Zip":"72834","url":"https://www.airtechar.com/","city":"Dardanelle","brand":"trane","state":"AR","title":"Airtech","address":"1825 State Highway 22  Dardanelle, AR 72834","enrolled":true},{"Lat":26.6642613,"Lon":-80.113589,"Zip":"33415","url":"airworxacr.com/","city":"West Palm Beach","brand":"trane","state":"FL","title":"Airworx Air Conditioning & Refrigeration, Inc.","address":"909 S Military Trail, West Palm Beach, FL 33415","enrolled":true},{"Lat":39.8620969,"Lon":-85.9807021,"Zip":"46236","url":"http://callallproindy.com/","city":"Indianapolis","brand":"trane","state":"IN","title":"All Pro Heating & Air","address":"5841 Thunderbird Rd, Indianapolis, IN 46236","enrolled":true},{"Lat":35.1804235,"Lon":-83.374114,"Zip":"28734","url":"https://allserviceheatingair.com/contact/","city":"Franklin","brand":"trane","state":"NC","title":"All Service Contracting, Inc.","address":"350 Depot st. Franklin, NC","enrolled":true},{"Lat":38.9844987,"Lon":-77.4446496,"Zip":"20166","url":"http://alltechservicesinc.com/","city":"Sterling","brand":"trane","state":"VA","title":"AllTech Services, Inc.","address":"101-A Executive Dr. Suite 200, Sterling, VA 20166","enrolled":true},{"Lat":42.3887825,"Lon":-122.8676901,"Zip":"97502","url":"https://www.alliedcomfortpro.com/","city":"Central Point","brand":"amstd","state":"OR","title":"Allied Comfort Pro","address":"4980 Industry Drive, Central Point, OR 97502","enrolled":true},{"Lat":33.8503319,"Lon":-83.9260851,"Zip":"30052","url":"https://alliedmechanicalinc.com/","city":"Loganville","brand":"trane","state":"SW","title":"Allied Mechanical","address":"3715 Harrison Rd SW, Loganville, GA 30052","enrolled":true},{"Lat":27.8095953,"Lon":-82.6982481,"Zip":"33714","url":"https://www.atscooling.com/","city":"St. Petersburg","brand":"trane","state":"FL","title":"American Technical Services Htg. & Air","address":"4795 41st. Avenue N , St.Petersburg Fl . 33714","enrolled":true},{"Lat":33.7489407,"Lon":-84.7448798,"Zip":"30134","url":"http://anchorac.com/","city":"Douglasville","brand":"trane","state":"GA","title":"Anchor AC","address":"6556 Adair Pl, Douglasville, GA 30134","enrolled":true},{"Lat":36.1579223,"Lon":-86.7396726,"Zip":"37210","url":"https://www.synergypro.co/","city":"Nashville","brand":"trane","state":"TN","title":"Apple Air Heating, Cooling, and Electric","address":"210 Omohundro Pl, Nashville, TN 37210","enrolled":true},{"Lat":40.7249573,"Lon":-73.4249659,"Zip":"11735","url":"https://appleairli.com/","city":"Farmingdale","brand":"trane","state":"NY","title":"Apple Air Heating, Cooling, and Electric","address":"700 Broadhollow Rd Farmingdale, NY 11735","enrolled":true},{"Lat":31.999175,"Lon":-96.246908,"Zip":"75109","url":"https://www.areawideservices.com/","city":"Corsicana","brand":"trane","state":"TX","title":"Area Wide Services Inc","address":"9316 S Us Highway 287  Corsicana, TX","enrolled":true},{"Lat":35.0473713,"Lon":-78.8627272,"Zip":"28301","url":"https://asc-heatingandair.com/","city":"Fayetteville","brand":"trane","state":"NC","title":"Arnold Service Co.","address":"820 Person St, Fayetteville, NC 28301","enrolled":false},{"Lat":38.7463348,"Lon":-75.1857509,"Zip":"19958","url":"http://www.atlanticrefrigeration.com/","city":"Lewes","brand":"trane","state":"DE","title":"Atlantic Refrigeration","address":"17553 Nassau Commons Blvd, Lewes, DE 19958","enrolled":true},{"Lat":30.0979862,"Lon":-98.4214095,"Zip":"78606","url":"https://www.blancoheatingandcooling.com/","city":"Blanco","brand":"amstd","state":"US","title":"Blanco Air","address":"2226 North US Highway 281 , Blanco, TX 78606","enrolled":true},{"Lat":35.9273891,"Lon":-80.0137587,"Zip":"27260","url":"https://www.blazeair.com/","city":"High Point","brand":"trane","state":"NC","title":"Blaze Heating, Cooling, Electrical & Plumbing","address":"1137 Foust Ave High Point, NC 27260","enrolled":true},{"Lat":37.6980411,"Lon":-77.4383134,"Zip":"23005","url":"https://www.blazerservice.com/","city":"Ashland","brand":"trane","state":"VA","title":"Blazer heating, air and plumbing","address":"9830 Atlee Commons Drive Suite 216Ashland, VA 23005","enrolled":true},{"Lat":41.9169437,"Lon":-88.237523,"Zip":"60185","url":"https://www.bluefrosthvac.com/","city":"West Chicago","brand":"trane","state":"IL","title":"Blue Frost Heating & Cooling","address":"1965 Powis Rd West Chicago IL 60185","enrolled":true},{"Lat":39.9125372,"Lon":-74.9762603,"Zip":"08034","url":"bobsheatingandac.com","city":"Cherry Hill","brand":"trane","state":"NJ","title":"Bobs Heating & Air","address":"1879 Old Cuthbert Rd Unit 22 Cherry Hill , NJ 08034","enrolled":true},{"Lat":35.8030506,"Lon":-78.6230721,"Zip":"27604","url":"https://www.boltonservice.com/","city":"Raleigh","brand":"trane","state":"NC","title":"Bolton Construction and Service, LLC","address":"1623 Old Louisburg Rd, Raleigh, NC 27604","enrolled":true},{"Lat":35.2826628,"Lon":-80.9088917,"Zip":"28214","url":"https://bradhambrothers.com/","city":"Charlotte","brand":"trane","state":"NC","title":"Bradham Brothers Inc","address":"6128 Rozzelles Ferry Rd, Charlotte, NC 28214","enrolled":true},{"Lat":40.7679532,"Lon":-82.5523597,"Zip":"44906","url":"https://buckeyehorizon.com","city":"Mansfield","brand":"trane","state":"OH","title":"Buckeye Horizon","address":"323 Trimble Rd, Mansfield, OH 44906","enrolled":true},{"Lat":38.6744638,"Lon":-121.3272221,"Zip":"95621","url":"https://buckleyheatairsolar.com/","city":"Citrus Heights","brand":"trane","state":"CA","title":"Buckley Heat, Air, solar","address":"5990 Devecchi Ave, Citrus Heights, CA 95621","enrolled":true},{"Lat":42.9041548,"Lon":-78.8778872,"Zip":"14222","url":"https://buffalocoolingandheating.com/","city":"Buffalo","brand":"trane","state":"NY","title":"Buffalo Heating","address":"266 Elmwood Ave, Buffalo, NY 14222","enrolled":true},{"Lat":36.0966218,"Lon":-115.1892402,"Zip":"89118","url":"bumblebreeze.com","city":"Las Vegas","brand":"trane","state":"NV","title":"Bumble Breeze","address":"5130 S. Valley View #112, Las Vegas, NV 89118","enrolled":true},{"Lat":41.6871108,"Lon":-81.328381,"Zip":"44060","url":"http://www.burrierservice.com/","city":"Mentor","brand":"trane","state":"OH","title":"Burrier Service Co.","address":"8669 Twinbrook Road Mentor, OH","enrolled":true},{"Lat":28.0055344,"Lon":-82.1573613,"Zip":"33563","url":"https://www.ccservicesoftampainc.com/","city":"Plant City","brand":"trane","state":"FL","title":"C & C Services of Tampa, Inc.","address":"1007 Robinson Rd, Plant City, FL 33563","enrolled":true},{"Lat":35.0398428,"Lon":-78.9054406,"Zip":"28305","url":"https://capefearair.com","city":"Fayetteville","brand":"trane","state":"NC","title":"Cape Fear Air Conditiong & Heating Company","address":"1139 Robeson St Fayetteville, NC 28305","enrolled":true},{"Lat":33.654638,"Lon":-117.1435482,"Zip":"92584","url":"https://castillohvac.com/","city":"Menifee","brand":"trane","state":"CA","title":"Castillo Heating & Air","address":"32105 Heather Ln, Menifee, CA 92584","enrolled":true},{"Lat":26.4879792,"Lon":-81.8305189,"Zip":"33967","url":"https://thinkcertified.com/","city":"Fort Myers","brand":"trane","state":"FL","title":"Certified Heating & Cooling","address":"17311 Alico Center Rd, Fort Myers, FL 33967","enrolled":true},{"Lat":29.7440916,"Lon":-98.444728,"Zip":"78163","url":"https://championac.com/","city":"San Antonio","brand":"trane","state":"TX","title":"Champion AC","address":"2709 Bulverde Rd. Bulverde San Antonio, TX 78163","enrolled":true},{"Lat":35.3211758,"Lon":-82.4585839,"Zip":"28792","url":"https://www.championcomfortexperts.com/","city":"Hendersonville","brand":"trane","state":"NC","title":"Champion Comfort Experts in Hendersonville, NC","address":"735 Locust St, Hendersonville, NC 28792","enrolled":true},{"Lat":34.7605941,"Lon":-92.2628222,"Zip":"72114","url":"https://www.chapmanserviceinc.net/","city":"North Little Rock","brand":"trane","state":"AR","title":"Chapman Services Inc","address":"717 Cypress St North Little Rock, AR 72114","enrolled":true},{"Lat":37.7834079,"Lon":-84.6043158,"Zip":"40356","url":"https://christopherandsmith.godaddysites.com/","city":"Nicholasville","brand":"trane","state":"KY","title":"Christopher and Smith HVAC","address":"376 Christopher Ln, Nicholasville, KY 40356","enrolled":true},{"Lat":45.5140198,"Lon":-122.4547487,"Zip":"97030","url":"http://clawsonheating.com/","city":"Gresham","brand":"trane","state":"NW","title":"Clawson Heating & AC","address":"2402 NW Birdsdale Ave, Gresham, OR 97030","enrolled":true},{"Lat":33.68918,"Lon":-112.0957435,"Zip":"85027","url":"https://clearairaz.com/","city":"Phoenix","brand":"trane","state":"AZ","title":"Clear Air Conditioning","address":"1725 W Williams Dr, Phoenix, AZ 85027","enrolled":true},{"Lat":27.8847513,"Lon":-82.6988385,"Zip":"33762","url":"https://www.climatedesign.com/","city":"Clearwater","brand":"trane","state":"FL","title":"Climate Design","address":"12530 47th Way North Clearwater, FL 33762","enrolled":true},{"Lat":37.6392521,"Lon":-77.5691287,"Zip":"23233","url":"https://climatesolutionsrva.com/","city":"Ridge","brand":"trane","state":"VA","title":"Climate Solutions","address":"3615 Mayland Ct, Ridge, VA 23233","enrolled":true},{"Lat":32.8742252,"Lon":-81.1171558,"Zip":"29924","url":"http://www.coastalair-tech.com/","city":"West Hampton","brand":"trane","state":"SC","title":"Coastal Air Technologies","address":"912 Elm St. W Hampton, SC 29924","enrolled":true},{"Lat":45.6772378,"Lon":-122.4864303,"Zip":"98682","url":"https://comfortairnow.com/","city":"Vancouver","brand":"trane","state":"NE","title":"Comfort Air Now","address":"7504 NE 182nd ave, Vancouver, WA 98682","enrolled":true},{"Lat":34.7772843,"Lon":-77.414811,"Zip":"28540","url":"https://www.comfortheatingandcoolingnc.com","city":"Jacksonville","brand":"trane","state":"NC","title":"Comfort Heating & Cooling  Service","address":"1111 Gum Branch Rd, Jacksonville, NC 28540","enrolled":true},{"Lat":35.8258723,"Lon":-78.3055015,"Zip":"27597","url":"https://www.comfortmasterinc.com/","city":"Zebulon","brand":"trane","state":"NC","title":"Comfort Master","address":"500 E. Gannon Avenue, Zebulon, NC 27597","enrolled":true},{"Lat":45.117247,"Lon":-93.4027315,"Zip":"55369","url":"http://comfortsolutionstc.com/","city":"Osseo","brand":"trane","state":"NW","title":"Comfort Solutions Heating & Cooling","address":"11 1st Street NW Osseo MN 55369","enrolled":true},{"Lat":39.5917188,"Lon":-86.1012523,"Zip":"46143","url":"https://completecomfortgo.com/","city":"Greenwood","brand":"trane","state":"US","title":"Complete Comfort","address":"1729 US-31, Greenwood, IN 46143","enrolled":true},{"Lat":34.8193097,"Lon":-82.6379201,"Zip":"29640","url":"https://completeheatandair.com/","city":"Easley","brand":"trane","state":"SC","title":"Complete Heat & Air","address":"1252 Old Liberty Road Easley, SC 29640","enrolled":true},{"Lat":34.2774492,"Lon":-83.8429103,"Zip":"30501","url":"https://conditionedairsystems.com/","city":"Gainesville","brand":"trane","state":"GA","title":"Conditioned Air","address":"2410 Hilton Way, Gainesville, GA 30501","enrolled":true},{"Lat":35.9971849,"Lon":-84.2300492,"Zip":"37830","url":"https://cookscomfortsystems.com/","city":"Oak Ridge","brand":"trane","state":"TN","title":"Cook's Comfort Systems, Inc.","address":"110 Union Valley Rd, Oak Ridge, TN 37830","enrolled":true},{"Lat":35.847161,"Lon":-78.6005392,"Zip":"27609","url":"https://www.coolchangenc.com/","city":"Raleigh","brand":"trane","state":"NC","title":"Cool Change Heating & Air","address":"2210 East Millbrook, Suite 103, Raleigh, NC 27609","enrolled":true},{"Lat":30.2687875,"Lon":-81.6258136,"Zip":"32207","url":"https://coolrusnfl.com/","city":"Jacksonville","brand":"trane","state":"FL","title":"Cool R Us","address":"3006 Mercury Rd S, Jacksonville, FL 32207","enrolled":false},{"Lat":40.5626874,"Lon":-74.572431,"Zip":"08807","url":"http://www.copperheadplumbing.com/","city":"Bridgewater Township","brand":"trane","state":"NJ","title":"Copperhead Plumbing & Heating","address":"681 E Main St, Bridgewater Township, NJ 08807","enrolled":true},{"Lat":28.6194078,"Lon":-81.4424099,"Zip":"32810","url":"https://sosaac.com/","city":"Lockhart","brand":"trane","state":"FL","title":"A.e. sosa air conditioning inc","address":"6854 N Orange Blossom Trail, Lockhart, FL 32810, United States","enrolled":true}]